-0.06621124645629806,0.100143007696003,271.505432128906
-0.06555633448739684,0.101240336255441,271.503295898437
-0.06389151199299903,0.102565581259882,271.503875732422
-0.06182214888459825,0.104142914382168,271.502014160156
-0.059617037357998726,0.105836793314497,271.5029296875
-0.061181952580799503,0.0989949744541296,271.502105712891
-0.05955141005739861,0.0996559620213963,271.503356933594
-0.05802620045509954,0.100606430923219,271.502563476563
-0.05629578179959793,0.101779461303529,271.503143310547
-0.054307166395798134,0.103190200850906,271.502868652344
-0.06260338419059863,0.100345492850269,271.501342773437
-0.061900320200098946,0.101363892968321,271.499572753906
-0.06253116728029795,0.102608033494031,271.499267578125
-0.06387549714009921,0.104104873804795,271.499084472656
-0.06797784011349961,0.105988165481713,271.498870849609
-0.07474213888829695,0.108060152436994,271.500152587891
-0.09395436492980025,0.102403093892883,271.506744384766
-0.11091076528470012,0.104062302021861,271.50634765625
-0.13407371037909854,0.106110243897805,271.509002685547
-0.16370004284189932,0.108472875563363,271.511627197266
-0.2075548411782968,0.102195765750172,271.515319824219
-0.252836952964099,0.104067140015749,271.519653320312
-0.3062430894501986,0.10632120568679,271.524688720703
-0.3683092599455975,0.109028980305708,271.531005859375
-0.43934140103590025,0.112177530464479,271.534515380859
-0.5194054288412993,0.115772667002512,271.544158935547
-0.6176293403799988,0.106564204176185,271.547546386719
-0.7165046397062973,0.109250264765076,271.556823730469
-0.8227867668267983,0.112468208412712,271.559753417969
-0.9357223380627993,0.11610011656142,271.566070556641
-1.0550076564722985,0.11987062376296,271.583953857422
-1.1884633397949003,0.113116055373339,271.585906982422
-1.3202339934718985,0.11600261166351,271.605651855469
-1.4574097177863976,0.119346629282961,271.617340087891
-1.5990970713728991,0.123348042702756,271.619964599609
-1.7458722222793988,0.127405722681331,271.631958007812
-1.8974358360821988,0.131934465591469,271.638610839844
-2.0624664512958972,0.117124866161066,271.615539550781
-2.2238374000727,0.119722967353281,271.628723144531
-2.3892964841166986,0.122754769602183,271.634399414062
-2.5586797643090975,0.125843578411547,271.646362304687
-2.7436831593911,0.121312272666662,271.660430908203
-2.919304965254497,0.123904092245356,271.673706054687
-3.096674465413898,0.126525599127989,271.681793212891
-3.276323885332399,0.129262920555,271.691619873047
-3.4646778692056976,0.129223889960172,271.700836181641
-3.6483248056635986,0.132106303078552,271.706298828125
-3.832924517440798,0.134955600301613,271.704925537109
-4.017782355222799,0.138297275073341,271.715728759766
-4.202843371086598,0.141608773074297,271.714233398438
-4.3958952891075,0.135539428022427,271.733428955078
-4.581765036132097,0.137689942510642,271.732757568359
-4.7674462789498975,0.139826055366061,271.738616943359
-4.953170211945498,0.14231203829774,271.742767333984
-5.1385824047066,0.145056051867651,271.745391845703
-5.323701784855899,0.147830342977692,271.750823974609
-5.515348550025898,0.147967980100417,271.780364990234
-5.701141973771097,0.150450352030212,271.805969238281
-5.886946297683799,0.153587280253026,271.822235107422
-6.0730827815098,0.156806950762304,271.847137451172
-6.268414576016799,0.155357282502928,271.884460449219
-6.455746543939998,0.15811998594968,271.922546386719
-6.642852144658399,0.161540208058976,271.968292236328
-6.8296785483554,0.165513800659961,271.995727539062
-7.0163601396305,0.16908900233948,272.043029785156
-7.210948303449797,0.168935313514962,272.088684082031
-7.398239912992498,0.172448263703502,272.133148193359
-7.584283475608899,0.176771004056431,272.176666259766
-7.769200989398197,0.181277780879107,272.227111816406
-7.952682476010899,0.185602367063429,272.289154052734
-8.1431133664614,0.18750145155615,272.356658935547
-8.325626045840398,0.19248353493438,272.427032470703
-8.506815636191497,0.19766390856731,272.502655029297
-8.685679878454998,0.202519125047892,272.589172363281
-8.863469018690598,0.208071155689579,272.6767578125
-9.039887445074498,0.21496642180798,272.7607421875
-9.2149455984834,0.222748777759683,272.856567382812
-9.401126165556398,0.228991934203031,272.963012695313
-9.573967008180599,0.236302786880641,273.064514160156
-9.744440895486598,0.243461739053645,273.173858642578
-9.912149526828898,0.251203364045609,273.278778076172
-10.085273475325998,0.245734163168306,273.404052734375
-10.250316207102898,0.251974493817898,273.53564453125
-10.414646340607497,0.259206677819128,273.656585693359
-10.578657607137199,0.267464219050934,273.779083251953
-10.7411415941185,0.275936671863083,273.909149169922
-10.912648717117598,0.280549791894523,274.054107666016
-11.074434488238097,0.2890662068593,274.208862304687
-11.233626866153099,0.298435583943841,274.371490478516
-11.3922308464028,0.307902465220144,274.563110351562
-11.548919120543399,0.318352049218882,274.758270263672
-11.715499376603798,0.328381400848235,274.954162597656
-11.871478506154897,0.339670907054802,275.158508300781
-12.026444350194797,0.351441075641847,275.366607666016
-12.1802867579663,0.363934968207916,275.599212646484
-12.333293262984999,0.377298709946059,275.854888916016
-12.497002522997299,0.38545562974342,276.102020263672
-12.6510234357579,0.399479076887864,276.482147216797
-12.804707435953599,0.414913200560898,276.908325195313
-12.958072914075299,0.431524004841264,277.384826660156
-13.110768399006798,0.450182859202668,277.896728515625
-13.273651483921999,0.459348639667695,278.443786621094
-13.426988536037399,0.479393948132261,279.018646240234
-13.579525271018298,0.501225727896102,279.625305175781
-13.731571773583997,0.524559752008886,280.279754638672
-13.882823629551197,0.549694083953173,280.9833984375
-14.042599127279399,0.574645364067506,281.736572265625
-14.193780971058398,0.604216222372025,282.525604248047
-14.343869827202298,0.636042208960072,283.348693847656
-14.492253921103,0.670466013330502,284.2080078125
-14.6396691835545,0.706683283730462,285.094451904297
-14.800813607363398,0.734899187261458,286.000579833984
-14.9470137952964,0.775240475938556,286.900299072266
-15.091655558233398,0.817545023136252,287.827087402344
-15.235077609219097,0.861758194791963,288.790466308594
-15.377709938976999,0.907482309104441,289.819244384766
-15.534016286104197,0.955330207659681,290.890441894531
-15.674933182299597,1.00779045553505,291.975860595703
-15.814254222394801,1.06375782549984,293.06689453125
-15.952414861087796,1.12265077380165,294.182312011719
-16.098121341912595,1.16982334684177,295.279510498047
-16.2357756873827,1.23109228916006,296.387634277344
-16.3715780341673,1.2946477068996,297.506317138672
-16.505614614365896,1.36130644306673,298.645202636719
-16.636935788749,1.4310698172949,299.828582763672
-16.787062315383295,1.5067757811418,301.046936035156
-16.9186753329912,1.58287383950086,302.277984619141
-17.0486121285309,1.66175936518477,303.516357421875
-17.1758223105292,1.74372173743527,304.745025634766
-17.3013411902404,1.82886223899175,305.997283935547
-17.4305556172965,1.91747716375699,307.239715576172
-17.554445429474995,2.00861689106018,308.534393310547
-17.676024206937896,2.10247854194382,309.863464355469
-17.7947058303399,2.19926438066308,311.215209960937
-17.9097564398678,2.29876052428343,312.598175048828
-18.0212668378663,2.40217851111834,313.966613769531
-18.1290800433055,2.50854478136836,315.341003417969
-18.2468998982543,2.60334838508418,316.762115478516
-18.350494684352,2.71277745476128,318.205963134766
-18.451207511206597,2.82378717618422,319.703948974609
-18.547539159745,2.93666035382593,321.179168701172
-18.662029306027,3.05810953530697,322.624755859375
-18.753128277797998,3.17528928944203,324.092041015625
-18.8396886601983,3.29474985878718,325.545989990234
-18.9219385108306,3.41516965254049,327.026062011719
-19.0008778836661,3.53667344305573,328.543579101562
-19.0968544764471,3.65662032931233,330.000305175781
-19.170655013739896,3.78071846079281,331.515594482422
-19.239438698854897,3.90595412562526,332.995819091797
-19.304192686657096,4.03234240564079,334.446014404297
-19.364811299432397,4.16034533046705,335.853332519531
-19.438624050485096,4.29212787760416,337.214172363281
-19.494426275865102,4.4227163521365,338.583465576172
-19.546755954234996,4.55464606709391,339.9365234375
-19.5958475968258,4.68728363763272,341.300750732422
-19.641262865354896,4.82064026671325,342.659942626953
-19.6956465832599,4.95350615042758,343.994567871094
-19.7347769472227,5.08898573781807,345.305541992187
-19.770180716466996,5.22503523555543,346.624237060547
-19.801349221961196,5.36204600918966,347.928497314453
-19.8290613022969,5.50024217940966,349.205200195312
-19.866156483628096,5.63973521782893,350.514404296875
-19.889281642093096,5.77919852005177,351.8056640625
-19.908678415824795,5.91880458331539,353.089385986328
-19.9246777086978,6.0583121781609,354.372131347656
-19.954022334955596,6.19806046523152,355.608428955078
-19.966333940479096,6.33651570350035,356.894775390625
-19.9746704661967,6.47386483499542,358.152618408203
-19.979624663315896,6.6099570753448,359.428741455078
-19.980250270533197,6.7450473647512,0.69779372215271
-19.977650847481797,6.87925840346027,1.97187185287476
-19.972049242896098,7.0126291214804,3.2495551109314
-19.981764195250896,7.1566119411317,4.52005195617676
-19.971048986678,7.28896239442586,5.78330373764038
-19.956922214507202,7.42044626508392,7.03437566757202
-19.9398679004359,7.55100942503804,8.27849674224854
-19.9201965740667,7.68060159330102,9.53152275085449
-19.919700824500396,7.81375868578597,10.7793979644775
-19.8964051277556,7.94228104204193,12.0143527984619
-19.8701965494337,8.06987154423379,13.2675218582153
-19.840166195713202,8.1964270699768,14.5042781829834
-19.8158652880214,8.33238314034298,15.7501964569092
-19.7817044616011,8.45958672004903,17.0114364624023
-19.743751614487202,8.5853519205486,18.2565956115723
-19.702704895344198,8.70966165214887,19.5281257629395
-19.658842447737896,8.8328775204152,20.8151226043701
-19.6168020667453,8.96171116174764,22.1209850311279
-19.5672637889801,9.08345263613998,23.4398002624512
-19.514732781762795,9.20406785384438,24.7727146148682
-19.459042558245898,9.32284548491377,26.1158027648926
-19.399928185854996,9.43995397418145,27.4571056365967
-19.3448582519369,9.56545220435173,28.8051128387451
-19.280688117267395,9.67985506963673,30.1533908843994
-19.213898547366497,9.79241693593994,31.4978275299072
-19.1443957867885,9.90349618118373,32.8499641418457
-19.071559366311895,10.0125184147823,34.1986274719238
-19.0160714361431,10.1383622371459,35.4659271240234
-18.9409004730109,10.2458362511838,36.8638343811035
-18.863086094491997,10.3506876739702,38.2717933654785
-18.7827383421371,10.4528571096114,39.7140159606934
-18.699528111260996,10.5520698978115,41.1313667297363
-18.624226398183296,10.66325996153,42.5662841796875
-18.5381084284095,10.7584319673642,43.9932594299316
-18.449511019426097,10.8506005840981,45.4002914428711
-18.359156220677896,10.939756312629,46.8147888183594
-18.266466210970002,11.0405026045168,48.2267761230469
-18.172074477298096,11.1257614750646,49.6308326721191
-18.076365771701397,11.2084606745457,51.0228462219238
-17.978621473366296,11.2878524775314,52.3983459472656
-17.8791224703348,11.3645288881238,53.754566192627
-17.781123625483296,11.452013960428,55.0771903991699
-17.678340283843397,11.5244370981877,56.3626976013184
-17.574033193014095,11.5939948858859,57.6411170959473
-17.468699462569198,11.6605858216778,58.9086456298828
-17.361647173316896,11.7245907349556,60.148136138916
-17.2534200695612,11.7859359669926,61.3764343261719
-17.1502029127646,11.8435552504926,62.6093215942383
-17.0394551109533,11.8997861457231,63.8104400634766
-16.926457956257195,11.9543208437736,65.0197830200195
-16.8109304714215,12.0065950488305,66.1986312866211
-16.692958272443597,12.0564576456793,67.3739395141602
-16.570197967393696,12.1218922314025,68.5164413452148
-16.446714213694897,12.169214338457,69.6278076171875
-16.3208654987438,12.2147020351064,70.7162933349609
-16.192424608178897,12.2571289295516,71.7495193481445
-15.9258140295832,12.3658384475776,73.7428588867188
-15.791969961027895,12.4046399537859,74.680908203125
-15.656280132424698,12.4412212821669,75.5865173339844
-15.518917320614698,12.4755050559024,76.4659957885742
-15.384837125456798,12.51289438541,77.3246841430664
-15.2437617395526,12.5439746457638,78.1676864624023
-15.100070996809897,12.5725989229666,78.9872817993164
-14.9534807490789,12.5994493037151,79.8111267089844
-14.803962097911398,12.6247095903269,80.6166305541992
-14.651700896311098,12.6478636588165,81.3882522583008
-14.493463055899898,12.6853513606459,82.2980804443359
-14.336592338698598,12.7050268192255,83.0322036743164
-14.177423013591,12.7226434089019,83.7304840087891
-14.016273596438797,12.7389317370208,84.4242630004883
-13.854035529019498,12.7520381846569,85.0701675415039
-13.683912591348498,12.7807009934309,85.6596221923828
-13.518387607239898,12.7929340438065,86.2406997680664
-13.351682951276398,12.8026908549743,86.7860107421875
-13.183555434466598,12.8105019053529,87.3023834228516
-13.010810699935,12.8434815590266,87.7867126464844
-12.839570965883297,12.8509796024911,88.2561874389648
-12.6671242940606,12.8572081160484,88.7114181518555
-12.493513142014898,12.8616673631815,89.129997253418
-12.319094243349,12.8647491380452,89.5261611938477
-12.135642939826099,12.8764130816017,89.8899688720703
-11.959766084675898,12.8778832705315,90.2216186523438
-11.784269757419999,12.8783425161191,90.526611328125
-11.610439720909898,12.8777930656269,90.7957534790039
-11.438359194367298,12.8761062402411,91.0450744628906
-11.2680777977695,12.8730669718594,91.2593460083008
-11.092839724113698,12.870671045257,91.4428024291992
-10.9245189269197,12.8656844389636,91.5794906616211
-10.757111595341097,12.8606831477572,91.6774139404297
-10.5907887893447,12.8552662706371,91.7185516357422
-10.425504790580497,12.8489524189981,91.7289276123047
-10.261343353742898,12.8611577270559,91.8907089233398
-10.098340270970699,12.8568913307086,91.8976287841797
-9.936898037263397,12.8528328405203,91.904426574707
-9.776957049308997,12.8482154804353,91.9296188354492
-9.6139537277875,12.8634321590753,91.9270324707031
-9.455783955445497,12.8610815405906,91.9411163330078
-9.298761081720897,12.8576772409206,91.9424667358399
-9.142888050350898,12.8545383018468,91.9454650878906
-8.987709651525098,12.8521945523874,91.9746170043945
-8.818216971435898,12.8426242805287,91.9825592041016
-8.662355530851197,12.8373095683826,91.9933929443359
-8.507010732359397,12.8322523118848,92.0004348754883
-8.352083222145097,12.8274783497477,92.0212936401367
-8.197430906781097,12.8224825004932,92.0382080078125
-8.042992513282698,12.8165483382406,92.0516815185547
-7.883305686139899,12.8263501699551,92.0625839233398
-7.7279992921335,12.822253078305,92.080680847168
-7.5724758587122984,12.8173579264352,92.0934219360352
-7.416971818042299,12.8121709509266,92.1051483154297
-7.256003399869098,12.8099043727974,92.1211929321289
-7.0991128526009,12.8055808288049,92.146842956543
-6.9428720992018,12.8007723920282,92.1608810424805
-6.787330942388397,12.7947715752546,92.1910705566406
-6.632295155956797,12.7884097793831,92.2127075195312
-6.466121744980299,12.7930278771559,92.2587966918945
-6.310202313239099,12.7889328209381,92.3141326904297
-6.154572462597297,12.784509427336,92.3884201049805
-5.999130276240798,12.7790536748499,92.4530258178711
-5.843916824252197,12.7736485122093,92.5383224487305
-5.680771704143197,12.7749281286829,92.6411895751953
-5.525801315654899,12.7686398046982,92.7471466064453
-5.371585854616299,12.7625417742697,92.8792343139648
-5.217887058183898,12.7562272831459,93.0282592773438
-5.0653674382087,12.7491439438916,93.2034454345703
-4.905381251698998,12.7464861774892,93.3981170654297
-4.752826927987098,12.7384842184543,93.6144866943359
-4.6009477232485985,12.7302894956719,93.8868637084961
-4.4501473923074,12.7210117010156,94.1777114868164
-4.3009171770073,12.7104260990425,94.5131454467773
-4.1424355574027985,12.7104693222687,94.9831619262695
-3.9927354587920973,12.6991182366038,95.3840484619141
-3.843131254635999,12.6866834471263,95.8391952514648
-3.693712639943598,12.6730431010698,96.3452377319336
-3.5444082863669983,12.6581893214246,96.9219589233398
-3.395152510984097,12.6417279609457,97.577751159668
-3.2429915547959993,12.6331097919998,98.2727584838867
-3.0934422667596984,12.6126422236161,98.995719909668
-2.9434494648455996,12.5910975445611,99.7976760864258
-2.7934603577327977,12.5670124668453,100.61018371582
-2.643618007820198,12.5403959919903,101.505340576172
-2.4751587959733,12.5105984292535,102.422515869141
-2.323150288530897,12.4776599033939,103.374565124512
-2.1716874430583992,12.4423960976051,104.395515441895
-2.0210915325798986,12.4035608387405,105.434020996094
-1.8713463778487984,12.3622029112223,106.532180786133
-1.7096756565763975,12.3255039445783,107.69702911377
-1.5601395310957002,12.2787496740183,108.886108398438
-1.4119521533803976,12.228296629946,110.093170166016
-1.2647559380299,12.174526724737,111.316818237305
-1.118822745878898,12.1173945319905,112.572708129883
-0.9572552318402998,12.0594338367753,113.967674255371
-0.8115073469531993,11.9950745502815,115.27515411377
-0.6664076200506983,11.92677124588,116.609558105469
-0.5227071878812986,11.8542512112536,117.969047546387
-0.3802355326960978,11.7989711399809,119.345077514648
-0.23831072391949704,11.7212373617018,120.737854003906
-0.0972056070772993,11.6396398226635,122.156181335449
0.04198497540109969,11.5539396588422,123.579940795898
0.17964835667290302,11.4642441399639,125.009147644043
0.34226395021419975,11.370951452717,126.444999694824
0.47848720213100293,11.2738334098697,127.894317626953
0.6121671520293006,11.1730371876812,129.368927001953
0.7436870765010006,11.0692052536359,130.872848510742
0.8719009244630023,10.9614686827731,132.376953125
0.9967106522846017,10.8501497067109,133.879669189453
1.1292494206636015,10.7425343689398,135.391174316406
1.2487151884749021,10.624676616426,136.900833129883
1.3645583094549014,10.5040718490902,138.429611206055
1.476557869671801,10.3804752518044,139.961517333984
1.583965420809701,10.2544834581518,141.470596313477
1.6991914286399012,10.1171127366416,142.99592590332
1.8012548272911015,9.98451947303647,144.517440795898
1.8988857894644013,9.84929778911153,146.040283203125
1.9925158343182012,9.71134289419232,147.560562133789
2.097915252685601,9.56503976229808,149.070343017578
2.184946832468702,9.42201197097265,150.520263671875
2.2689508563697007,9.27688469710779,151.924041748047
2.348297819707902,9.12877827613626,153.239471435547
2.4250225988343015,8.97881096760527,154.500228881836
2.511909388499001,8.83986630388687,155.678649902344
2.5829556203756017,8.68837431477959,156.737503051758
2.651500903238901,8.53605236863696,157.754180908203
2.716409321755302,8.38209917532824,158.640930175781
2.779077838830201,8.2270949881792,159.467529296875
2.8392604871610008,8.07161219553569,160.202163696289
2.8976378878301006,7.9005354401029,160.810684204102
2.953379828868602,7.74172923888599,161.316253662109
3.0067722042373006,7.58194206947765,161.688980102539
3.058606253136201,7.42145025372845,161.953231811523
3.109404374868502,7.26047012892423,162.11848449707
3.177513850887502,7.10160175089848,162.176986694336
3.230463785709002,6.93984929025642,162.147506713867
3.2837413407412015,6.778238066432,162.021911621094
3.3362123268294006,6.61632962810363,161.750381469727
3.3891270395472013,6.45496019258454,161.403610229492
3.4603847667780006,6.30175458194224,160.947448730469
3.5169535227541022,6.14264960105272,160.410766601563
3.5746218183780023,5.98483492765787,159.794860839844
3.633300134340402,5.82822541547865,159.081558227539
3.6994005708599023,5.6767588945298,158.280380249023
3.7625284245572015,5.5247846258354,157.429077148438
3.8277982319047013,5.37450819774881,156.542419433594
3.8950255818820008,5.22395478357946,155.613235473633
3.963890510752101,5.07308803427241,154.633926391602
4.044133659278902,4.91669435829382,153.628784179688
4.120732723575202,4.76524862001232,152.562606811523
4.200802055149801,4.61520458023203,151.470901489258
4.284878919218002,4.46376599646831,150.328262329102
4.373538333650302,4.31271955835628,149.172164916992
4.476311682616901,4.15460577937238,148.025619506836
4.574449332692801,4.00141301002969,146.813400268555
4.676391071145201,3.84790025598193,145.578796386719
4.781967830958001,3.69560461421528,144.294494628906
4.891311093109602,3.54496007406827,143.003494262695
5.004031597485502,3.39607292413251,141.660049438477
5.132495179373901,3.258368344803,140.296905517578
5.255229768686201,3.11550988966303,138.896118164063
5.381960311925502,2.97532771305225,137.45329284668
5.512214279526402,2.83804047139995,135.999252319336
5.787617228321601,2.56905695116857,133.092315673828
5.929300458107901,2.44111942119023,131.642120361328
6.074118554843002,2.31620865918815,130.178298950195
6.222604998425101,2.1954679865059,128.718734741211
6.373801061586102,2.07862926130945,127.242767333984
6.537788279631501,1.96580114441313,125.74779510498
6.696107867962672,1.85668242107251,124.232078552246
6.856870471328211,1.75152058979234,122.676483154297
7.020576088067601,1.65143909886784,121.109443664551
7.187071958000482,1.55561521268158,119.541305541992
7.355088642297941,1.45969657501314,117.964851379395
7.526096511512241,1.37314356297502,116.399131774902
7.699070428069961,1.29125902267466,114.824508666992
7.873872749626971,1.21408631793115,113.256759643555
8.05073486720105,1.14256590976738,111.722526550293
8.22962958657969,1.07583154994738,110.25333404541
8.421627697421801,1.01709525205388,108.718032836914
8.60693625532869,0.96005617505081,107.44116973877
8.982800215485431,0.856109031632574,105.078346252441
9.17845000115399,0.789481798594217,103.984939575195
9.370732087546221,0.744603241997193,102.958358764648
9.564296475096612,0.702970457269,101.989242553711
9.759313234820691,0.66472914621632,101.08519744873
9.956243261278152,0.62950045756792,100.27571105957
10.157276411319762,0.595503328734989,99.5139312744141
10.357262236294721,0.564918096831485,98.8148727416992
10.558176655683042,0.536715111271873,98.1768951416016
10.760049419225162,0.510828522863997,97.5756607055664
10.962914287342972,0.487457669930076,97.0239791870117
11.181229586259802,0.463627223214532,96.5016326904297
11.388219972691651,0.442735287547924,96.0003128051758
11.59617579505549,0.424596102583029,95.5679779052734
11.805334501693151,0.407300167860803,95.1521606445312
12.015588905605451,0.391420206443948,94.7531661987305
12.23469547491851,0.383650428788669,94.4000854492188
12.448534272526121,0.370509207202187,94.0289993286133
12.663207765988242,0.360307407704152,93.7006072998047
12.87920968364817,0.35089177980425,93.3998565673828
13.106358505580632,0.337712005165366,93.0949859619141
13.326310230068051,0.329339817233709,92.8285522460937
13.547171241226101,0.321649092305567,92.5852737426758
13.769412281130261,0.314971945159512,92.3948211669922
13.992802100704381,0.309062148033941,92.2309036254883
14.217100644539801,0.303334870266137,92.1255340576172
14.44544795661217,0.305087497906871,92.0924835205078
14.67119592502858,0.30074608114622,92.0765686035156
14.896813338810452,0.296244271698483,92.1026763916016
15.1225712230178,0.29159024416994,92.1201705932617
15.34858698134559,0.28701992859908,92.1459655761719
15.590386806226032,0.284464542862998,92.1747817993164
15.81877254764007,0.279150121090921,92.1976547241211
16.04728973790893,0.273839388087922,92.2180099487305
16.276218257170395,0.268560002048105,92.2457275390625
16.50523396535078,0.263289359863839,92.2745742797852
16.744190062865805,0.255086092199227,92.2075347900391
16.974547865405412,0.24855177764756,92.2216186523437
17.2048011256765,0.243109620169013,92.2571182250977
17.435158257313724,0.236978174611744,92.2755889892578
17.66558454788882,0.230164574352965,92.3023300170899
17.90970525414304,0.229187146378589,92.3260269165039
18.14129693923467,0.223521719775387,92.3325271606445
18.37329666468997,0.217076919814876,92.3178024291992
18.60573322759632,0.210101551387167,92.2841110229492
18.838655897239942,0.204487452399859,92.2795867919922
19.07253897386823,0.197985238037066,92.258056640625
19.31170988652219,0.197539087069039,92.2350769042969
19.54840578229168,0.191689577934732,92.2276077270508
19.785575723529213,0.185755488407212,92.2125091552734
20.02344198328386,0.179077096498226,92.1990432739258
20.27200545407226,0.172705940818292,92.1704406738281
20.51239570982675,0.166618227122705,92.1561431884766
20.75294360828072,0.160943558173212,92.1480484008789
20.994067410525222,0.15447520952971,92.1359710693359
21.23536674045279,0.14770984325741,92.1342086791992
21.48754757421691,0.148126714213807,92.1331253051758
21.73208584591455,0.142226523629437,92.1563415527344
21.977037724620402,0.135378745953577,92.1568603515625
22.22180032807251,0.128970676390268,92.1637802124024
22.47274752837448,0.124011706680491,92.1765899658203
22.719606037110303,0.116973732493751,92.1697769165039
22.96694585811464,0.109690752619293,92.1533126831055
23.21419538854403,0.102853986237811,92.1464538574219
23.461334594600142,0.0958374244572896,92.1261138916016
23.708508314126803,0.0885619526233246,92.106086730957
23.96638253797242,0.0911245396335611,92.072135925293
24.21501725474549,0.085489101405291,92.0564346313477
24.46347720603811,0.0789788812265499,92.0185775756836
24.71076445246114,0.0733733612629762,92.0027542114258
24.967326586865422,0.0732337743553364,91.9705581665039
25.214661222211163,0.0683789105954812,91.9515914916992
25.46177188030938,0.0633423399984215,91.9226303100586
25.708348189986943,0.057829798107435,91.8848266601563
25.95455881653235,0.053295377970465,91.8707427978516
26.19997257561237,0.0483987030459987,91.8344802856445
26.453392137887132,0.047861003013035,91.8212051391602
26.6993101818371,0.0428299300133432,91.7791137695312
26.9450376345738,0.0383658093240456,91.7651977539063
27.1901284164562,0.0337572629721865,91.7273025512695
27.434757826803,0.0290239752573581,91.68408203125
27.687890308646203,0.0290340148450098,91.6688461303711
27.9336103941285,0.024081074874407,91.6295623779297
28.179276999495702,0.0196989521395016,91.5963592529297
28.424454621292,0.0150350684965232,91.5707015991211
28.6695441831354,0.0111394587674264,91.5490188598633
28.914798987652404,0.0068601368627647,91.5182037353516
29.174767107349503,0.0101195271104761,91.4859848022461
29.4227874250769,0.0068480269745627,91.4585037231445
29.671454712775702,0.003103415355594,91.4284744262695
29.9210034190871,-0.0008167043481501,91.3948669433594
30.1785609707185,0.0026789762169557,91.3623352050781
30.4299789431887,0.000176051880022,91.3395462036133
30.6816869242651,-0.0026880026785774,91.3012619018555
30.9335454672259,-0.0061357054182179,91.2634735107422
31.1858414054784,-0.0088176169652265,91.2257537841797
31.450977299095502,-0.0040444756822821,91.197380065918
31.7059658505492,-0.0064672540512625,91.1582336425781
31.9614839275421,-0.0086291422408795,91.1219787597656
32.2178201667519,-0.0104330220246305,91.0915145874023
32.4832747943688,-0.0126877075813231,91.0464706420899
32.7416360487522,-0.0148778007926386,90.9928588867188
33.0009205551951,-0.01635290750156,90.9489059448242
33.2607229236784,-0.0175547496590954,90.9114837646484
33.5211407747531,-0.0196745528529359,90.8710479736328
33.782270479497,-0.0217759030522855,90.8229751586914
34.052139864668604,-0.0111468080248908,90.7957916259766
34.315761398325506,-0.0112554494988512,90.7495269775391
34.5798495165437,-0.0110956362586994,90.693489074707
34.8443942685248,-0.0108593632708268,90.6591110229492
35.108503238025705,-0.0111179202598462,90.611442565918
35.3827675136491,-0.0091662600856956,90.5694198608398
35.6475538204673,-0.0086533921480989,90.5335083007813
35.9123217038605,-0.008422730205615,90.4846801757813
36.1766899009023,-0.0082232950548249,90.4594116210938
36.4407054621943,-0.0082327399338858,90.4184646606445
36.7157133350531,-0.0066218168499796,90.4038619995117
36.9804710698253,-0.0067067042069891,90.3782501220703
37.2448593570529,-0.0062882563965581,90.3648223876953
37.5091155157366,-0.0064215145173924,90.381721496582
37.7791919422935,0.003723522376803,90.370246887207
38.0433138401546,0.0050847170362163,90.3761215209961
38.3072298950659,0.0064796380931862,90.3925704956055
38.570636995714,0.0072245853358123,90.3961944580078
38.8337508480409,0.0074314636796521,90.4074935913086
39.0959611139411,0.0079404424980138,90.4106674194336
39.3575601657055,0.0076234788591366,90.4200439453125
39.6371257252121,0.0208225821490513,90.4292831420898
39.9011522585076,0.0217078843603279,90.4123840332031
40.1647451877467,0.0237693370364393,90.442626953125
40.4280118926872,0.0243055188446019,90.440071105957
40.699550373562005,0.0221247431707352,90.4367370605469
40.9631033179724,0.0227734540700836,90.4576950073242
41.2267300969852,0.0229171903697142,90.4594039916992
41.4899136096343,0.0223738955788152,90.4626235961914
41.7529918866851,0.0223737385721682,90.463981628418
42.0242478348445,0.0359565842262223,90.5018005371094
42.2881922185308,0.0365883015146685,90.5062789916992
42.551485562471,0.0372717350117548,90.5079727172852
42.8138571773257,0.0377536354740664,90.5202102661133
43.0822136979803,0.0439581279561491,90.5206527709961
43.3442340678522,0.0451965313114327,90.523323059082
43.6053196664208,0.0463977588883557,90.5298080444336
43.8654086216003,0.0468007957137178,90.5290985107422
44.1246092009327,0.0471611224141346,90.5317077636719
44.3829058062028,0.0477503097474343,90.5448150634766
44.6511157178455,0.0519689601436694,90.5614700317383
44.9092500057544,0.0524708750593179,90.5653762817383
45.1662605597852,0.0524674434395338,90.5576248168945
45.4225125359791,0.053023337873124,90.5685043334961
45.678155494193206,0.0530622475156595,90.5768356323242
45.9458602252117,0.0574752926169924,90.5717239379883
46.2015018558068,0.0580671609584741,90.5811004638672
46.4564080788949,0.0585755988865,90.5954284667969
46.710818157143905,0.0582770569420512,90.5938034057617
46.9644816522146,0.0580467548691367,90.5978469848633
47.2237559329359,0.0645568826133583,90.5776977539063
47.47657267076271,0.0648543094081276,90.579460144043
47.7287676439592,0.0642240771298627,90.5864562988281
47.980520951325005,0.0635884846506318,90.5988922119141
48.2311387634129,0.063806743624603,90.6320343017578
48.4948357017849,0.069891933797495,90.6443939208984
48.7461416631822,0.0704137771335634,90.671989440918
48.9967339961944,0.0704640729100588,90.6943511962891
49.246848133930804,0.0696897103841953,90.7110824584961
49.4964730830209,0.0686305862833731,90.7292633056641
49.752801304110704,0.0732325122579679,90.7515335083008
50.0027211051574,0.0730858445837714,90.7677001953125
50.2525841050523,0.0723449934527573,90.7800979614258
50.501865849101904,0.0712421040635249,90.8001022338867
50.7609550476458,0.0756776610071859,90.8220520019531
51.0108394873123,0.0746961997125682,90.8506088256836
51.2599459133028,0.0724134841091729,90.8629837036133
51.508233949457605,0.070376177107909,90.9003372192383
51.756026649849304,0.0685022937343831,90.9311904907227
52.0030083428752,0.0666730429745133,90.9585113525391
52.259218799913505,0.0731006231491152,91.0053100585938
52.5055360275326,0.0714491954704379,91.0432815551758
52.7507841102449,0.0688560596928357,91.0743942260742
52.9937105029037,0.0662387920463162,91.1063232421875
53.2352227685825,0.0640201474536648,91.1427841186523
53.4885705598394,0.0672143778689289,91.1729583740234
53.729958412194904,0.0647691521109819,91.207763671875
53.9706845578873,0.0620157517522107,91.2202987670898
54.2102095385068,0.0596770252741047,91.2734527587891
54.4470643601733,0.0564134953655178,91.300895690918
54.688331239308305,0.0612214670968928,91.3242721557617
54.9241840021489,0.0586852494815596,91.3536529541016
55.1588890307968,0.0553958526670747,91.3865509033203
55.3916900927094,0.052094252039504,91.4135513305664
55.6220620878706,0.0483400888870854,91.4298400878906
55.864914969154505,0.0509071434170849,91.4464721679687
56.094928312887305,0.0476776891736703,91.4414291381836
56.3240684317555,0.0446783044614354,91.4228210449219
56.5512281462756,0.0416908047251887,91.3921279907227
56.7762311283119,0.038139597623343,91.3320388793945
57.011564419386005,0.042871388793788,91.2892532348633
57.2359458603949,0.0409676996614451,91.1888961791992
57.4584118501705,0.0389634255947245,91.0422744750977
57.67860824776,0.0373452793642855,90.8799667358398
57.903935119787505,0.0412700337580473,90.6699447631836
58.1216719979278,0.0416016036321099,90.4251327514649
58.3378788671826,0.0423718900035102,90.1613845825195
58.5526150926635,0.0442735950217681,89.840934753418
58.7658166540222,0.0477719003716155,89.4831466674805
58.9773317351489,0.0520226293172453,89.0558776855469
59.197267432474604,0.0573155283225412,88.5849761962891
59.4065109087457,0.0649979835524435,88.1099853515625
59.6143552227403,0.0737931098803446,87.6384735107422
59.8203296462069,0.0833492100005839,87.1408386230469
60.0302767851133,0.0988428058346155,86.648681640625
60.232688727425604,0.112239684875915,86.149040222168
60.4333580760171,0.127148646510642,85.6025161743164
60.6327326586539,0.144366247513986,85.0342483520508
60.8317153917725,0.162881028265838,84.4146728515625
61.036457949613805,0.18745925846963,83.7263336181641
61.2332276635407,0.210892982648218,83.0372924804687
61.4296625306727,0.23623637064613,82.2966232299805
61.623917040468804,0.263991137494162,81.5497817993164
61.8180439541013,0.293837269277852,80.7496948242187
62.010719978297004,0.325786634452796,79.8952713012695
62.207003939116504,0.378158111228371,79.0214996337891
62.3987005943551,0.418375910595541,78.1043014526367
62.5901036004349,0.461027396720116,77.1283187866211
62.7796862992684,0.507535719954679,76.12109375
62.968167298047405,0.557520402946251,75.0830535888672
63.1684432383349,0.607737660322146,73.9705810546875
63.3557719782075,0.663515204875411,72.7999649047852
63.5411429264516,0.723443077454731,71.5905227661133
63.7248621666669,0.786496601130063,70.3350601196289
63.9068335916361,0.853698115595124,69.0472030639648
64.088658755826,0.931166094370188,67.7301635742188
64.2676281440225,1.00694585326625,66.403205871582
64.4440627341136,1.08664915615713,65.0161972045899
64.61772480450881,1.17006620139935,63.5955429077148
64.7881545928618,1.25782398745728,62.1638412475586
64.9610144921713,1.35792810110544,60.7219200134277
65.1260117148734,1.45457338271242,59.2728805541992
65.2881773084178,1.55408752276353,57.7859268188477
65.4464380783091,1.65791457424084,56.3090858459473
65.6006179542275,1.76555300465348,54.8305015563965
65.76502902422081,1.8875299828197,53.3367576599121
65.9151027377312,2.00367971400933,51.8216247558594
66.0609158946773,2.12323028135772,50.2900428771973
66.2015857618333,2.24658320954025,48.7658309936523
66.3384308471307,2.37303183611366,47.2019195556641
66.4815477691125,2.48954654765512,45.5759201049805
66.6117982821797,2.61929400907351,43.9673538208008
66.73690263164269,2.75191923415506,42.3439521789551
66.8571071042353,2.88745576359771,40.7318115234375
66.973412579675,3.02554608280767,39.1277275085449
67.08913933898,3.18185706194713,37.4819297790527
67.19591313434441,3.32655107204128,35.8307685852051
67.29807094962871,3.47287212653314,34.1335601806641
67.3957747984606,3.62129183086013,32.4078330993652
67.4934209818905,3.77197499931561,30.6446170806885
67.5812404858639,3.92499761530079,28.8906936645508
67.6635909430266,4.08038875081224,27.1502246856689
67.74093739835581,4.23828029135783,25.4205837249756
67.81276973401759,4.39988858498987,23.7107543945312
67.8826142725503,4.56472062452426,21.9911098480225
67.9471894492651,4.73247285430406,20.2636642456055
68.00652639254079,4.90310351076792,18.528844833374
68.0614221198813,5.07589721777932,16.7363548278809
68.1096662921024,5.25093289019362,14.9305000305176
68.1519259451138,5.42789882251578,13.068959236145
68.19558877256421,5.61715420526954,11.146409034729
68.2283612302214,5.79848061251191,9.18405342102051
68.25462835743201,5.98038338618908,7.15741348266602
68.27312190530961,6.16255448682441,5.12873840332031
68.2847900131441,6.34537460446961,3.11400175094604
68.3018952247464,6.5311336078844,1.08632671833038
68.3024947572867,6.71514694867788,359.049499511719
68.29646255198321,6.89891227189976,357.004516601563
68.2836308269714,7.0814936207883,354.949493408203
68.26398593555379,7.26230095747785,352.886322021484
68.2282091750539,7.44636243095652,350.807037353516
68.194422545928,7.62442828528703,348.767578125
68.1545518278611,7.80057391423091,346.732269287109
68.10818146635151,7.97382779520077,344.719940185547
68.0552441689166,8.14383085114022,342.710540771484
68.0105650052501,8.31361788843382,340.707397460937
67.9479432691059,8.47739249390608,338.748687744141
67.8804823155323,8.63824534332476,336.778991699219
67.8072422740028,8.79710498215295,334.838775634766
67.7284777881522,8.95373573634498,332.904266357422
67.647708940526,9.11789219526136,330.98828125
67.559461374872,9.27010233512331,329.054931640625
67.46549042025751,9.41843386468015,327.146148681641
67.3655540161646,9.56387727408679,325.275787353516
67.2613861158332,9.70690611648045,323.385040283203
67.1515209703143,9.84659815739171,321.525512695312
67.04454593466241,9.97934679410486,319.661590576172
66.92575564974891,10.1126551136296,317.813690185547
66.8011560072419,10.2425015225306,316.004425048828
66.6718861951926,10.3690483318241,314.201171875
66.5372732269695,10.5067062875473,312.522430419922
66.3982449576865,10.6281909870085,310.807495117187
66.2551103668945,10.7463001315888,309.097564697266
66.1073483436767,10.8607101696569,307.402221679687
65.9557746043272,10.9717213728905,305.686004638672
65.80407027831299,11.0822332612352,303.975280761719
65.6450665564665,11.1847786265135,302.275695800781
65.4825915316699,11.2827175286235,300.581970214844
65.1465973711887,11.4646990398458,297.228851318359
64.96658891198629,11.5501542576303,295.6044921875
64.78940534009129,11.6293217839891,294.015289306641
64.6090910898736,11.7038590141709,292.483337402344
64.4259615083283,11.7741355415924,291.00146484375
64.2401720426623,11.8396541133094,289.548431396484
64.0522330087302,11.9036280907015,288.115844726562
63.8606540443162,11.9606853799019,286.703979492187
63.6660469903993,12.0133365161115,285.313751220703
63.4684918884547,12.0610846699755,283.976867675781
63.26786962461,12.1049541316894,282.662200927734
63.0597659885572,12.1544461073527,281.314300537109
62.8518631566796,12.1906260904094,280.098175048828
62.6409443591042,12.2231036251914,278.947723388672
62.4271205044868,12.2513829195202,277.865386962891
62.2107633871458,12.2754984336957,276.889617919922
61.984201750086704,12.2983235035582,275.984252929688
61.7629907479499,12.3156317009289,275.185516357422
61.5408973221348,12.3304723778271,274.478210449219
61.318202845323,12.342773401512,273.855804443359
61.0947569091043,12.3521687568957,273.343170166016
60.871035097824304,12.3591155209034,272.903533935547
60.6416214466915,12.3701486851746,272.491882324219
60.4156776711002,12.3753559665491,272.099548339844
60.1893820326304,12.3788492414455,271.757476806641
59.9621281118516,12.3804966963974,271.446105957031
59.726562021201005,12.379695166996,271.131408691406
59.4963249193738,12.3789877892618,270.841278076172
59.2653763619518,12.3768374146629,270.550445556641
59.0327730266288,12.3737937831453,270.293792724609
58.7988853020224,12.3696745857244,270.117523193359
58.5607155837339,12.3632950015029,270.117736816406
58.3238583059068,12.3571298664836,270.177368164062
58.085178856045104,12.3525535083197,270.237670898437
57.844443806403405,12.3489459054465,270.291595458984
57.602317641683,12.3452440258886,270.355133056641
57.349182519976104,12.3394354934805,270.432556152344
57.102927305998904,12.3356880239523,270.492523193359
56.8557452001124,12.3329157615478,270.545837402344
56.6073128484704,12.3292668327649,270.619689941406
56.3581039720122,12.3264084533046,270.680938720703
56.1080839584883,12.3249864743399,270.728240966797
55.8571592503099,12.3236103062727,270.798370361328
55.5945035172356,12.3184573304839,270.857086181641
55.3396901325536,12.3168454768289,270.923767089844
55.0831441380586,12.3157510407495,270.979431152344
54.814952107219504,12.3128487562811,271.050872802734
54.5536427906015,12.3124118085333,271.102905273437
54.2902122776801,12.3127507795294,271.175262451172
54.024327874145804,12.3136484687301,271.238983154297
53.756165981070204,12.3145172515313,271.31787109375
53.4810002671867,12.3108790023038,271.357086181641
53.2089622098341,12.3120492415445,271.419555664062
52.935226281712104,12.3125596954626,271.514862060547
52.659936991526,12.3151591117056,271.56982421875
52.3722222340286,12.308516992654,271.615447998047
52.0932032566244,12.309579998573,271.680084228516
51.8133854884962,12.312042496279,271.717681884766
51.5322097626928,12.3145725182783,271.745147705078
51.25069754431,12.3163746725304,271.794738769531
50.968256179385705,12.3196627169224,271.823669433594
50.6781504091159,12.3261734865091,271.819030761719
50.3926157457755,12.3298423726562,271.825256347656
50.1061091984435,12.3343728881605,271.855621337891
49.8188838425542,12.3392463696513,271.845764160156
49.5308803209375,12.3431628863303,271.872497558594
49.230831243162704,12.3352805347418,271.895446777344
48.939341206297904,12.3390164752223,271.905578613281
48.6464981254597,12.3429665674107,271.915832519531
48.3523597833963,12.3470392410929,271.925750732422
48.05805537194961,12.3510934935646,271.938690185547
47.7530352433265,12.3482759088785,271.904174804687
47.4561319041497,12.352140556706,271.919555664063
47.1589189762552,12.3570478756576,271.928802490234
46.8618247297204,12.3614137591481,271.930236816406
46.5534986236426,12.3572914952538,271.945770263672
46.2546513646259,12.3606252975648,271.937957763672
45.9558772284289,12.3636656124609,271.94384765625
45.6580249312329,12.3672391283789,271.942626953125
45.360027354134004,12.3719126098293,271.929840087891
45.061479196567106,12.375852495278,271.927520751953
44.757291075877305,12.3803162113798,271.917510986328
44.4582492310102,12.384934096753,271.895904541016
44.1595971968318,12.3881720493236,271.918365478516
43.8607209555295,12.3924860044627,271.910675048828
43.551878669192206,12.3891997441203,271.890777587891
43.250516529486305,12.3924302819158,271.892395019531
42.9482951970293,12.3964731876694,271.884521484375
42.646055831928706,12.4005911173694,271.855102539062
42.3437074401067,12.4042277346084,271.860046386719
42.0406617073048,12.4092330637507,271.859741210937
41.7246300152532,12.4083898669808,271.853485107422
41.4184763536277,12.412451442865,271.864318847656
41.1118203681009,12.4174766714159,271.850250244141
40.8048995218247,12.4218533278293,271.844604492187
40.4977107992418,12.4259826812842,271.845458984375
15.604725929473055,12.9959462812779,271.839538574219
39.870892214624,12.4307181248662,271.841156005859
39.5615795165414,12.4363268166493,271.828979492187
39.2521860738807,12.4415350547607,271.824432373047
38.943242941041305,12.4466797648316,271.826812744141
38.6225940259384,12.4402456123771,271.833251953125
38.3120740566866,12.4445578739007,271.824523925781
38.001918198549006,12.449007850783,271.832672119141
37.6922819522935,12.4539329025782,271.832366943359
37.3745271905113,12.4603153356262,271.812683105469
37.064738510023105,12.4648172061994,271.828643798828
36.7550284366936,12.4699236134609,271.825561523437
36.4454126442364,12.4758028732577,271.831756591797
36.1364878209756,12.4819874343651,271.839630126953
35.8214503039349,12.4771142412762,271.80615234375
35.5135807904454,12.4818304086156,271.824157714844
35.206625032165306,12.486466287134,271.855590820312
34.9006060177361,12.4918121371578,271.877960205078
34.5947993427921,12.4979515456336,271.910125732422
34.2784605125279,12.4998849914722,271.938995361328
33.971912172849,12.5058852797659,271.96240234375
33.666237926626906,12.5119201427775,271.988159179687
33.3607110147547,12.5175705931655,272.025817871094
33.0556730119479,12.5246219967632,272.040161132812
32.7512527922038,12.5313048848677,272.066070556641
32.4375635713014,12.5311546604323,272.098693847656
32.1330118609269,12.5382076628283,272.107330322266
31.828755962635803,12.5439850009986,272.145721435547
31.525043963306103,12.5515163496745,272.173583984375
31.2176292498638,12.5484159065573,272.188110351563
30.9146021912615,12.5545174126931,272.221832275391
30.612067690720302,12.5604556071711,272.255218505859
30.3101647291735,12.5670034576361,272.271179199219
30.008955343272202,12.5731837623361,272.305297851562
29.6981703498977,12.5752523204743,272.318115234375
29.396300623268203,12.5821923713196,272.326049804687
29.094810240942003,12.5890708390588,272.366729736328
28.794084224380704,12.5962572400244,272.383697509766
28.4939094773344,12.6039325445952,272.405395507812
28.186427173179602,12.608038349882,272.432067871094
27.8858790343862,12.616340865194,272.455352783203
27.5858519233062,12.6240616216721,272.471771240234
27.2866398183968,12.6328041839862,272.506774902344
26.988007187001102,12.6421556873029,272.522003173828
26.689949383396204,12.6513315528854,272.538635253906
26.38269986715227,12.6480104107301,272.574859619141
26.084415199903113,12.6564122186945,272.582183837891
25.78700731542123,12.6648252661557,272.609222412109
25.49086018037785,12.6728727235323,272.640045166016
25.18566810609643,12.6789278878041,272.659912109375
24.891217050035223,12.6872572532594,272.677917480469
24.598063379398432,12.695597726366,272.703643798828
24.305800483380892,12.7057203600144,272.715423583984
24.01440450813811,12.7162452446778,272.725067138672
23.716322701044472,12.7196046575093,272.715301513672
23.42743481256394,12.7284731540025,272.740112304687
23.14036006049547,12.7370204762948,272.761596679688
22.85557671045386,12.7456461944306,272.791168212891
22.57413370037527,12.7550084105501,272.806976318359
22.28561504729711,12.7622224862291,272.826721191406
22.0065153333451,12.7716775977113,272.853698730469
21.72989386538984,12.7816497423091,272.860198974609
21.45590701541515,12.7912527392273,272.891876220703
21.184443098869203,12.8006015618087,272.920532226563
20.915384658754313,12.8112942824206,272.930084228516
20.642192864146562,12.8128534427005,272.951751708984
20.377703437359433,12.8223500952793,272.963958740234
20.11729996500437,12.8320378614253,272.997680664063
19.86192608307597,12.8414821284328,272.998687744141
19.611110897371592,12.8502178856728,273.026824951172
19.35210827452808,12.8587915617845,273.052551269531
19.11005968320273,12.8686063276944,273.062927246094
18.874192805498,12.8789146433816,273.079376220703
18.64445959289966,12.8888757741609,273.090209960937
18.411162525967892,12.8913225839639,273.114715576172
18.19377628937358,12.8998753063883,273.120056152344
17.98373179858418,12.9078728012007,273.133239746094
17.781224814988352,12.9159473628457,273.143157958984
17.58621073122228,12.9240048316994,273.159973144531
17.389938122523223,12.9227377844592,273.175231933594
17.21102586786165,12.9291929521989,273.182312011719
17.043161861164084,12.9347607057797,273.194488525391
16.887321151063222,12.9400246576485,273.214263916016
16.743328587841983,12.9456126377981,273.214935302734
16.61015069898263,12.9508413106572,273.216552734375
16.47656055255723,12.9600813217882,273.247833251953
16.362998990849235,12.964549205364,273.255218505859
16.258923370753312,12.9684320683041,273.268218994141
16.16391312149218,12.9727789687754,273.265686035156
16.07666884780128,12.9771067491443,273.275939941406
15.989817156138809,12.9768635913809,273.275543212891
15.91690219589953,12.9802695755382,273.281951904297
15.852422825865597,12.9831612478853,273.29052734375
15.796325582467203,12.9858180499317,273.294281005859
15.748527289353804,12.9883627852628,273.301910400391
15.697157503922035,12.9879955937773,273.308319091797
15.663595603889071,12.9900859073446,273.309936523437
15.637399902787859,12.9920774797961,273.312194824219
15.618385839072133,12.9939501260651,273.312469482422
15.606250258519418,12.9957064150768,273.313812255859
15.594482281618282,12.9908562686859,273.315734863281
15.594203564107902,12.9916569616453,273.316986083984
15.597354968563351,12.9926097170369,273.317169189453
15.599666805734712,12.9940167994978,273.31591796875
15.601305482491055,12.9958250092282,273.314178466797
15.59605428386885,12.9944794995661,273.266143798828
15.597839961924782,12.9962662133909,273.266265869141
15.59968757282294,12.9983420161486,273.264770507812
15.601753742511953,13.000601098485,273.263916015625
15.604658977075843,12.9936452098028,273.266998291016
15.59462682345309,12.9955509992756,273.265228271484
15.59586858589081,12.9972876349731,273.265411376953
15.597457380596952,12.9993463010343,273.265686035156
15.599381885941511,13.0017388392047,273.266479492188
15.601558978807091,13.0043773234277,273.265930175781
15.59177570338069,12.9919864995373,273.266021728516
15.592933959659092,12.9934596488671,273.265197753906
15.594361006219332,12.9950940475091,273.265747070312
15.596087360836892,12.9970335000077,273.265777587891
15.59285261726508,12.9931311199643,273.265655517578
15.59429734856277,12.9947265773542,273.265838623047
15.59604618129275,12.9965145909711,273.266479492188
15.608223087832116,12.9973427849288,273.203643798828
15.603776380364877,12.9937742487251,273.20556640625
15.604449091731079,12.9943601259056,273.205780029297
15.605358251838412,12.9951615173493,273.206024169922
15.606483789922185,12.996169880739,273.206207275391
15.607874740813358,12.997411716041,273.204559326172
15.609527579516696,12.998859934861,273.204406738281
15.605328525911577,12.994353791004,273.205352783203
15.606295490523177,12.9951307563833,273.206817626953
15.607523358807056,12.9961140571121,273.206420898437
15.609060458218968,12.9972846370573,273.206298828125
15.60353915173273,12.9940261051865,273.205108642578
15.6040124061586,12.9946529785524,273.204132080078
15.604756456942338,12.9954672651628,273.203308105469
15.605788769844152,12.9965050953422,273.203308105469
15.607045882184783,12.9978036791952,273.200866699219
15.604559224003614,12.9935982617817,273.205139160156
15.605321151644606,12.9941118857611,273.205047607422
15.60638933001874,12.9948039402177,273.205230712891
15.607704132965743,12.9957117868662,273.204406738281
15.609253964377801,12.996845008089,273.204010009766
15.611071393756154,12.9982468319842,273.201629638672
15.605226891624547,12.9953889584358,273.203430175781
15.606135705609516,12.9962842247972,273.203186035156
15.60723125867771,12.9973943705935,273.203247070313
15.60864092518766,12.9986856749917,273.203857421875
15.61031985065673,13.0002237524348,273.203918457031
15.605206540008332,12.9957581804861,273.205993652344
15.606094480402273,12.996605083375,273.205169677734
15.607295796487357,12.9976334801315,273.2041015625
15.608785304118005,12.9988967935577,273.20263671875
15.610495058716165,13.0003410619084,273.201721191406
15.605256987414366,12.9957603868506,273.205780029297
15.606147238790092,12.9964344985448,273.206939697266
15.60733089820717,12.9974045012691,273.2041015625
15.608707242281126,12.9985494531052,273.204071044922
15.604745328290068,12.9948563571874,273.204956054687
15.605406290590217,12.99538622055,273.205902099609
15.606267548562588,12.9961437681662,273.205810546875
15.60735921744528,12.9971249283591,273.206481933594
15.608696869630968,12.9983403621836,273.206420898437
15.60456194958575,12.9951319610556,273.207824707031
15.605149987346769,12.9956696577951,273.208465576172
15.606044244447366,12.9965474533835,273.206451416016
15.60727407109907,12.9976133410096,273.207641601562
15.608893741456777,12.9988634970584,273.207824707031
15.610893472364728,13.0002180398138,273.208587646484
15.60290415234179,12.9966702390551,273.208190917969
15.603448402270056,12.9975142185126,273.206848144531
15.604153444462444,12.9986885576467,273.204223632812
15.605083607243314,12.9998500939376,273.204833984375
15.60625932808956,13.0012522486519,273.205230712891
15.605889695484407,12.9979592224479,273.204406738281
